{
  "intercept": -0.1204674015804085,
  "weights": {
    "rating_diff": 0.06164664608232399,
    "form_diff": 0.21239144961700374,
    "map_diff": 0.17041858216899702,
    "player_diff": 0.16756740591755195,
    "h2h_diff": 0.2919434209980757
  },
  "mean": {
    "rating_diff": 0.0,
    "form_diff": 0.0,
    "map_diff": 0.0,
    "player_diff": 0.0,
    "h2h_diff": 0.0
  },
  "std": {
    "rating_diff": 1.0,
    "form_diff": 0.15,
    "map_diff": 0.12,
    "player_diff": 0.12,
    "h2h_diff": 0.8
  },
  "meta": {
    "n_train": 4,
    "trained": true,
    "shrinkage": 0.091,
    "l2_to_prior": 0.565,
    "in_sample_acc": 0.5
  }
}