{
  "intercept": -0.1662303274067991,
  "weights": {
    "rating_diff": -0.043589457206937264,
    "form_diff": 0.2756911861421248,
    "map_diff": 0.13494534844163014,
    "player_diff": 0.12651392381967197,
    "h2h_diff": 0.15141699593260338
  },
  "mean": {
    "rating_diff": 0.0,
    "form_diff": 0.0,
    "map_diff": 0.0,
    "player_diff": 0.0,
    "h2h_diff": 0.0
  },
  "std": {
    "rating_diff": 1.0,
    "form_diff": 0.15,
    "map_diff": 0.12,
    "player_diff": 0.12,
    "h2h_diff": 0.8
  },
  "meta": {
    "n_train": 7,
    "trained": true,
    "shrinkage": 0.149,
    "l2_to_prior": 0.531,
    "in_sample_acc": 0.571
  }
}