{
  "intercept": -0.09255320013305099,
  "weights": {
    "rating_diff": -0.15394717522954382,
    "form_diff": 0.2933567032229703,
    "map_diff": 0.06904878741620109,
    "player_diff": 0.10558718469798532,
    "h2h_diff": 0.19068524577299364
  },
  "mean": {
    "rating_diff": 0.0,
    "form_diff": 0.0,
    "map_diff": 0.0,
    "player_diff": 0.0,
    "h2h_diff": 0.0
  },
  "std": {
    "rating_diff": 1.0,
    "form_diff": 0.15,
    "map_diff": 0.12,
    "player_diff": 0.12,
    "h2h_diff": 0.8
  },
  "meta": {
    "n_train": 4,
    "trained": true,
    "shrinkage": 0.091,
    "l2_to_prior": 0.565,
    "in_sample_acc": 0.5
  }
}